variant,seed,run_name,best_epoch,epochs_run,train_time_s,n_parameters,device,split_dir,n_train,n_val,n_test,val_mse,val_rmse,val_mae,val_ci,val_rm2,val_pearson,val_spearman,val_auroc,val_auprc,test_mse,test_rmse,test_mae,test_ci,test_rm2,test_pearson,test_spearman,test_auroc,test_auprc
backbone_gat,0,backbone_gat_seed0,10,12,177.0,684545,cuda,D:\CLG\AU\projects\release\phase1\data\splits\kiba_subset20_seed42,18826,2353,2353,0.4688911261212691,0.6847562530720469,0.4556516614104148,0.7170259063871945,0.3209251195552652,0.5730675093325248,0.5753600205469939,0.7519338109260316,0.5359018033610586,0.47700880375058075,0.6906582394720132,0.4592143456782881,0.719492122397875,0.34639867450336315,0.601124143869451,0.576667323710672,0.7547542978059173,0.5544085634632339
backbone_gat,1,backbone_gat_seed1,12,12,104.8,684545,cuda,D:\CLG\AU\projects\release\phase1\data\splits\kiba_subset20_seed42,18826,2353,2353,0.4493234939387924,0.6703159657495802,0.4362391246109884,0.7295489067243163,0.353256357789019,0.597227433690012,0.6031027803380538,0.7738210345888454,0.5856043371680776,0.4713771350246684,0.6865691043330369,0.4476478637860675,0.7324355362880619,0.3630197698166158,0.6073370536495618,0.6061355133561139,0.769392818834803,0.5628281816085909
backbone_gcn,0,backbone_gcn_seed0,12,12,186.0,683521,cuda,D:\CLG\AU\projects\release\phase1\data\splits\kiba_subset20_seed42,18826,2353,2353,0.44750149076119455,0.6689555222592863,0.4254383106612673,0.73328228093015,0.3603336049469247,0.607511882385335,0.6090751254394027,0.7792335076693183,0.5998671311903394,0.46568406137571094,0.6824104786532157,0.44015270266389017,0.7337981216743241,0.3871481116121568,0.6224572497182863,0.6088033519113256,0.7788466354200143,0.5845783926710884
backbone_gcn,1,backbone_gcn_seed1,12,12,119.0,683521,cuda,D:\CLG\AU\projects\release\phase1\data\splits\kiba_subset20_seed42,18826,2353,2353,0.4492540897514888,0.6702641939947924,0.4537554618099422,0.7271575214446849,0.35620172159425656,0.6012324684996511,0.5943541415954501,0.7671279611479805,0.5921625707889993,0.45512300253328586,0.67462804754419,0.4579184668346815,0.7334862529169577,0.3860283318254229,0.6248826924004205,0.6050388683490849,0.7713194754569093,0.5784622602313036
depth_1,0,depth_1_seed0,11,12,191.2,849153,cuda,D:\CLG\AU\projects\release\phase1\data\splits\kiba_subset20_seed42,18826,2353,2353,0.4660365533466316,0.682668699550984,0.44940674421486326,0.7250791777288701,0.3198510189713761,0.5770722472182914,0.5931313430952698,0.7585516195666507,0.5399461444871148,0.49403697086564136,0.7028776357700118,0.45892264576501357,0.7310037317171483,0.32588949854601795,0.5803051521234979,0.6043071640589283,0.7604528816898233,0.5329534644988226
depth_1,1,depth_1_seed1,11,12,106.2,849153,cuda,D:\CLG\AU\projects\release\phase1\data\splits\kiba_subset20_seed42,18826,2353,2353,0.4597235973710128,0.6780292009722094,0.4559202332016361,0.7261369830131952,0.33704507470358797,0.5836458791899334,0.5941669049622854,0.7639618951347075,0.5513524715543643,0.4633418042744898,0.6806921508835619,0.45970684165808684,0.7301365797768312,0.361512571734521,0.615434403206755,0.59946594512271,0.7680499501250005,0.5653911810351524
full,0,full_seed0,12,12,434.2,1543425,cuda,D:\CLG\AU\projects\release\phase1\data\splits\kiba_subset20_seed42,18826,2353,2353,0.44234221386173134,0.6650881248840121,0.43427036510747996,0.7378947706387653,0.34929438051814954,0.6066929608589366,0.6173090038778902,0.7818013009273502,0.5878958653338955,0.43877228139613494,0.662398883903147,0.4373979384069285,0.7431002622680488,0.40411413019802706,0.6405270640546384,0.6287573346543932,0.7855849773997388,0.5978683963872993
full,1,full_seed1,9,12,211.4,1543425,cuda,D:\CLG\AU\projects\release\phase1\data\splits\kiba_subset20_seed42,18826,2353,2353,0.4889395583583702,0.699242131423994,0.46096333796756095,0.7186969902907426,0.2855559321626095,0.5490422777354884,0.5796354378916287,0.754688392739419,0.5346960401374127,0.498041751832954,0.7057207321830314,0.4659727007796599,0.7254954525672669,0.3209065012410069,0.5752546634604839,0.5895153640502006,0.7660382555853739,0.5524914400903417
fusion_concat,0,fusion_concat_seed0,12,12,389.3,1444353,cuda,D:\CLG\AU\projects\release\phase1\data\splits\kiba_subset20_seed42,18826,2353,2353,0.44778725918067286,0.6691690811601152,0.43333008640936166,0.73465274555416,0.35362515343833406,0.5981334368054183,0.6101085395773227,0.7712587351118533,0.5815153134809992,0.4539867270167276,0.6737853716256591,0.4382731467675413,0.7402490819853439,0.3866987644671471,0.623984749613771,0.6212325673060625,0.7877964849602878,0.5873469281321854
fusion_concat,1,fusion_concat_seed1,12,12,185.5,1444353,cuda,D:\CLG\AU\projects\release\phase1\data\splits\kiba_subset20_seed42,18826,2353,2353,0.44408393017968417,0.6663962261145273,0.4335615621745916,0.7375322310499008,0.3527664235828879,0.603242309747717,0.615676886948686,0.770795059992089,0.5690311119696309,0.4482794275769012,0.6695367260852098,0.44300440773272887,0.7400997444626565,0.39391773024310206,0.6304707022442515,0.6185524166950328,0.7677885759122535,0.5731616123877173
heads_1,0,heads_1_seed0,12,12,344.9,1543425,cuda,D:\CLG\AU\projects\release\phase1\data\splits\kiba_subset20_seed42,18826,2353,2353,0.47882295631142563,0.6919703435201726,0.46126995743258276,0.7171730626778775,0.3113875736839164,0.5626237792486519,0.5717092759151029,0.7580879444468862,0.5459462169684389,0.48124422231555897,0.6937176819971933,0.46740069290044406,0.726341379840467,0.35378524466277866,0.595986219282114,0.5878654126142957,0.7756193681943581,0.5787718357746889
heads_1,1,heads_1_seed1,11,12,177.3,1543425,cuda,D:\CLG\AU\projects\release\phase1\data\splits\kiba_subset20_seed42,18826,2353,2353,0.4668212297448119,0.6832431702877182,0.445767763367218,0.72776430225367,0.3280663053945308,0.5757409781236406,0.5947211081787214,0.7510251395420384,0.5484085517897623,0.4648674125810052,0.6818118601058545,0.4494849996165524,0.7344149755132354,0.35810000114804935,0.6168649766874115,0.6075498972287365,0.7695430698792566,0.5728664945022232
no_degree_encoding,0,no_degree_encoding_seed0,12,12,350.9,1542017,cuda,D:\CLG\AU\projects\release\phase1\data\splits\kiba_subset20_seed42,18826,2353,2353,0.4507235564439299,0.6713594837670277,0.4594049388887119,0.7393961470278634,0.3566377627091205,0.6109512150749236,0.6228686301731776,0.788828396255439,0.5922073214227452,0.4521304229743206,0.6724064418001366,0.46436644532657206,0.741902502675073,0.3983598687997054,0.6375489582845777,0.6238265093660771,0.7861385064211454,0.5871495993511662
no_degree_encoding,1,no_degree_encoding_seed1,12,12,221.5,1542017,cuda,D:\CLG\AU\projects\release\phase1\data\splits\kiba_subset20_seed42,18826,2353,2353,0.4431773000546818,0.6657156300213191,0.44214177770002616,0.7384759424309302,0.3385253119000367,0.6159327226839626,0.6209886646060303,0.7875093394277678,0.5973593206445843,0.4433641707369937,0.6658559684623948,0.44161883081419134,0.7437287801132135,0.3767151263841061,0.641855627063983,0.6316054584795939,0.7952099132300218,0.6014393233391986
no_edge_features,0,no_edge_features_seed0,10,12,293.7,1144833,cuda,D:\CLG\AU\projects\release\phase1\data\splits\kiba_subset20_seed42,18826,2353,2353,0.4587009418657318,0.6772746428633895,0.44757059286160517,0.7304098665808446,0.3321448105093192,0.5859870266344003,0.6046284227624081,0.7690546301586604,0.5543605263527355,0.46291540032529527,0.6803788652841116,0.45030029023701823,0.7428778812963645,0.3531292623594734,0.6193610523063695,0.62805124338581,0.7813382985738673,0.5798119564268319
no_edge_features,1,no_edge_features_seed1,11,12,205.4,1144833,cuda,D:\CLG\AU\projects\release\phase1\data\splits\kiba_subset20_seed42,18826,2353,2353,0.43897724006082395,0.6625535752381266,0.43756825479101336,0.7372788164506209,0.3603271631901134,0.6094148062615189,0.6184848689593659,0.780288313628972,0.5879453906763722,0.44572286212692247,0.667624791426234,0.44447057438666804,0.745650090520337,0.3872102746227916,0.634166794399403,0.634010253665542,0.7945150021494247,0.6060223914764319
no_residual_norm,0,no_residual_norm_seed0,12,12,368.4,1539329,cuda,D:\CLG\AU\projects\release\phase1\data\splits\kiba_subset20_seed42,18826,2353,2353,0.6291789796517305,0.793208030501287,0.5197445216505162,0.6628102799944654,0.09616183494844388,0.3167264637590767,0.4372886109875946,0.6294994066716477,0.29749096244173384,0.6553204872756307,0.8095186762982253,0.5318515113298811,0.6738300236874933,0.11768613117840915,0.35969352396377186,0.4651397208890267,0.6492462405936585,0.34766369923054474
no_residual_norm,1,no_residual_norm_seed1,7,11,154.1,1539329,cuda,D:\CLG\AU\projects\release\phase1\data\splits\kiba_subset20_seed42,18826,2353,2353,0.6293885070289663,0.7933400954376164,0.5272976311530856,0.66036098775889,0.09584603799530948,0.31205391604192306,0.43040468878746085,0.6302943567881159,0.3050446952072077,0.6520458962972487,0.8074935890130948,0.5385973166770951,0.6723704932000756,0.119005508806278,0.3567572686068285,0.4632896756421133,0.6477865099603922,0.34113931597864533
protein_cnn,0,protein_cnn_seed0,12,12,825.3,1659521,cuda,D:\CLG\AU\projects\release\phase1\data\splits\kiba_subset20_seed42,18826,2353,2353,0.45990094628720596,0.6781599710151035,0.4312490008508607,0.7408206963665009,0.345037937932484,0.5889351024162668,0.6263739926898221,0.7692936096338944,0.5584207198998687,0.46288263521984874,0.6803547862842215,0.43549241038823805,0.746113400145781,0.37181714421373885,0.6221979753954613,0.6335342721122782,0.774076686463633,0.5577865114417362
protein_cnn,1,protein_cnn_seed1,11,12,569.6,1659521,cuda,D:\CLG\AU\projects\release\phase1\data\splits\kiba_subset20_seed42,18826,2353,2353,0.44806590830458487,0.6693772540986024,0.43671484435308855,0.7427803594894403,0.3502256427202482,0.5981756461401975,0.6286602714076566,0.7843625016481345,0.5822269414132462,0.4471844671104264,0.6687185260708921,0.44351401067621093,0.7454376526359506,0.39343790373724835,0.6313072656793937,0.6313971596530475,0.7835591968246945,0.5836613067920865
protein_composition,0,protein_composition_seed0,12,12,413.1,1266049,cuda,D:\CLG\AU\projects\release\phase1\data\splits\kiba_subset20_seed42,18826,2353,2353,0.5750090438709322,0.7582935077336033,0.548865199139713,0.6364683484018827,0.17052101871557981,0.4391425238845094,0.3722646788212872,0.7117951478925856,0.448365049846424,0.6174205416585752,0.7857611225166178,0.5636529794815395,0.6326859108747546,0.1633284310982263,0.43112749233469666,0.36319529399807865,0.7058006293849307,0.4455978963443795
protein_composition,1,protein_composition_seed1,11,12,231.2,1266049,cuda,D:\CLG\AU\projects\release\phase1\data\splits\kiba_subset20_seed42,18826,2353,2353,0.5718214203052342,0.7561887464814814,0.5389585940826714,0.6350913859676348,0.1774189274876533,0.42431702702836005,0.3687066586498476,0.7074429745528061,0.4415851984363355,0.5882369827695786,0.7669660897129538,0.5468655461409828,0.6444545107580381,0.20382698088075393,0.4576120032428839,0.3954187773818437,0.7223392000801339,0.4796976995096534
